ORIGINAL;CANONICO;EH_SOM
Impressao Preta;impressao preta;
ring light;Ring light;
lapela tipoc;Lapela Tipoc;
Cabo V8 4.8 Max H72-1;Cabo v8 4.8 max H72-1;
Fonte 12V;Fonte 12v;
1 Par Alto 1 Par Alto Falante Evok 6x9 280rms;Par Alto Falante Evok 6X9 280Rms;S
1 Par Alto Falante Evok 6x9 280rms;Par Alto Falante Evok 6X9 280Rms;S
Power Vox 12 Polegadas 1000w Rms 4 Ohms Preto;Power Vox 12 Polegadas 1000w;S
copo starley;Copo Stanley;
Super Maçarico 150 mm Maçarico Portátil Simples Regulável simples;Super Maçarico 150 mm Maçarico Portátil Simples Regulável completo;
Gamepad w11+;Gamepad w11 +;
